{
  "train_loss": [
    1.0116015323778478,
    1.0054625902929337,
    1.0019671537716845,
    1.0000697079164984,
    0.9989326915457797,
    1.0710655538047231,
    1.1423651844673925,
    1.2121496233429407,
    1.280414444391447,
    1.3468374120089308,
    1.4112488614160208,
    1.475239464612174,
    1.5400069917879073,
    1.6039304890030894,
    1.6666720242161512,
    1.6600882873049723,
    1.652631782524659,
    1.6464259035387576,
    1.6423687913384948,
    1.6382999056090986,
    1.6338779847922786,
    1.6296094726782968,
    1.6251594800332192,
    1.6214545814760921,
    1.6191821095799337,
    1.6167878375200047,
    1.614499530382652,
    1.6121427462942906,
    1.6098825137663242,
    1.6079372573379243,
    1.6067711209694628,
    1.6055837302041078,
    1.604434452785035,
    1.603261822733874,
    1.6020640818716234,
    1.6011431549664898,
    1.6005623503681963,
    1.5999844054022876,
    1.5994077172537244,
    1.5988444872398013,
    1.5982621656622134,
    1.5978091966562282,
    1.5975278344159414,
    1.5972501680428757,
    1.5969702753762804,
    1.5966875115735406,
    1.5964084900323052,
    1.5961907193112095,
    1.5960505405640426,
    1.595913822299476,
    1.5957779352131476,
    1.595638314587946,
    1.5955057429862807,
    1.5953950795995848,
    1.595328054144931,
    1.595259434345039,
    1.5951945043444506,
    1.59512727915419,
    1.5950615920545188,
    1.5950076891028362,
    1.5949760355600497,
    1.5949427628946962,
    1.5949097996931187,
    1.5948784501782658,
    1.5948457859480243,
    1.5948195894854194,
    1.5948035231577125,
    1.5947875125789945,
    1.5947715117342272,
    1.59475525249732,
    1.5947390625358007,
    1.5947267921959483,
    1.5947185680191185,
    1.5947108538001618,
    1.5947027810684318,
    1.5946949152779604,
    1.59468685404999,
    1.5946805952462513,
    1.5946765595756685,
    1.5946726288294868,
    1.594668849022745,
    1.5946648625275743,
    1.594660911428587,
    1.5946578865718741,
    1.5946559296685843,
    1.5946541020877794,
    1.594652097020397,
    1.5946501798113988,
    1.5946482651306995,
    1.594646707445794,
    1.5946458136921597,
    1.5946447985801817,
    1.5946438795435594,
    1.5946429789635181,
    1.5946419484289176,
    1.5946413125617633
  ],
  "val_loss": [
    1.0424792402881686,
    1.0357535794629888,
    1.0310469380879805,
    1.0281535023349826,
    1.026219782182726,
    1.096494608006235,
    1.1661412816936687,
    1.2353485782267684,
    1.3030350996276079,
    1.3692238351046029,
    1.432932356656608,
    1.4983252549575548,
    1.5627534995644778,
    1.6263824923563812,
    1.6891792891389232,
    1.6823539168147716,
    1.6754252870204085,
    1.6717250427957309,
    1.6678921610622082,
    1.6638821807958313,
    1.6599934141514665,
    1.6559279571145267,
    1.651730422246254,
    1.6495905973143496,
    1.6473144676725744,
    1.64515835147793,
    1.6429076113943326,
    1.6407864942389019,
    1.6386084495964697,
    1.6375227964530557,
    1.6364367614358157,
    1.6353508577508442,
    1.6342360650078724,
    1.6331377150648732,
    1.6320803003796076,
    1.6315485824972897,
    1.63101607258037,
    1.6305058224726532,
    1.6299886986360712,
    1.6294591224799722,
    1.6289442393739344,
    1.6286906872765492,
    1.6284309120501501,
    1.6281728663686978,
    1.627917673628209,
    1.6276652388653512,
    1.6274119878219346,
    1.6272812051288152,
    1.627157053704989,
    1.6270306514481367,
    1.6269072071980621,
    1.6267837831529521,
    1.62665313785359,
    1.6265928866499562,
    1.6265303886542886,
    1.626468832209959,
    1.6264073101140686,
    1.626348111589076,
    1.6262876381308347,
    1.6262585773306377,
    1.6262281607773343,
    1.6261980776059426,
    1.6261691319740426,
    1.6261390346591755,
    1.6261090666560802,
    1.6260939432402788,
    1.6260787551685916,
    1.6260642277992379,
    1.6260497893317272,
    1.6260357185945673,
    1.626021235676135,
    1.6260139740119546,
    1.626006385027352,
    1.625998751591828,
    1.625991281816515,
    1.6259834645158153,
    1.6259763321634066,
    1.6259725477735876,
    1.6259689169414973,
    1.6259652517609677,
    1.6259617845890886,
    1.6259582285153664,
    1.6259545431298725,
    1.625952819646415,
    1.6259508779493428,
    1.625949273675175,
    1.625947430982428,
    1.6259455983921633,
    1.6259438749087058,
    1.6259429858902754,
    1.6259420968718448,
    1.6259412725093,
    1.625940492597677,
    1.6259395490258426,
    1.62593864990493,
    1.6259382377236575
  ],
  "val_recon": [
    1.0424792402881686,
    1.0357535794629888,
    1.0310469380879805,
    1.0281535023349826,
    1.026219782182726,
    1.024624074919749,
    1.023279541629856,
    1.022547162185281,
    1.0213660850363262,
    1.0196724261267711,
    1.016525541321706,
    1.0143315549624168,
    1.0116282034728488,
    1.0086564350936373,
    1.0051502312644054,
    1.0004343804666551,
    0.9954406891838979,
    0.9926782745425984,
    0.9897056333089279,
    0.9865359047711906,
    0.9833876924999689,
    0.9800723589072793,
    0.9765507669772132,
    0.9747146590281341,
    0.9727356150998907,
    0.9708651405269817,
    0.9688869573302188,
    0.9670090998633433,
    0.9651028968520083,
    0.9641424397290763,
    0.9631823200290486,
    0.9622206950591783,
    0.9612297102556391,
    0.9602522546962157,
    0.9593107801372722,
    0.958834171295166,
    0.9583581645609969,
    0.9579030315754777,
    0.9574367252446837,
    0.9569619631363173,
    0.956501328339011,
    0.956276699648065,
    0.9560443465992555,
    0.9558113005201695,
    0.9555800082319874,
    0.9553528094695787,
    0.9551258046748274,
    0.9550087371114957,
    0.9548968743469756,
    0.9547832577915515,
    0.9546720779548257,
    0.9545619124073094,
    0.9544441174652617,
    0.954390030796245,
    0.9543338165444842,
    0.9542785963769687,
    0.9542231519343489,
    0.954170398792978,
    0.9541161747302039,
    0.9540899143380633,
    0.9540623103157949,
    0.9540352215201168,
    0.9540093470427949,
    0.9539823309849884,
    0.9539555634482432,
    0.9539420342041274,
    0.9539284302016436,
    0.9539152060524893,
    0.9539022971007783,
    0.9538896912235325,
    0.9538769115835933,
    0.9538704520564968,
    0.9538635904506102,
    0.9538565975124553,
    0.9538499520996869,
    0.9538428945056463,
    0.9538364996344356,
    0.95383303044206,
    0.9538299310005317,
    0.9538265810174457,
    0.9538233845920886,
    0.9538201760437529,
    0.9538169351674742,
    0.9538154177746531,
    0.9538137043936777,
    0.9538121870008566,
    0.9538105180708029,
    0.9538089562270601,
    0.95380734185041,
    0.9538065720412691,
    0.9538058022321281,
    0.9538050324229871,
    0.9538042848393068,
    0.9538034281488192,
    0.9538027128930819,
    0.9538022360559237
  ],